,colour,height,shape,density,available,demand
0,синий,высокий,эллипсоид,низкая,много,средний
1,оранжевый,высокий,эллипсоид,средняя,достаточно,низкий
2,оранжевый,низкий,параллепипед,высокая,достаточно,средний
3,синий,средний,эллипсоид,низкая,много,низкий
4,зелёный,низкий,эллипсоид,средняя,достаточно,низкий
5,зелёный,высокий,параллепипед,низкая,отсутствуют,высокий
6,жёлтый,низкий,шар,низкая,достаточно,низкий
7,зелёный,средний,шар,низкая,много,низкий
8,жёлтый,средний,параллепипед,высокая,мало,средний
9,зелёный,высокий,шар,высокая,отсутствуют,высокий
10,чёрный,средний,параллепипед,высокая,мало,высокий
11,красный,высокий,куб,средняя,достаточно,средний
12,зелёный,низкий,куб,высокая,отсутствуют,средний
13,коричневый,средний,куб,низкая,мало,низкий
14,белый,средний,шар,средняя,много,средний
15,синий,высокий,параллепипед,низкая,отсутствуют,высокий
16,оранжевый,низкий,шар,высокая,отсутствуют,средний
17,коричневый,средний,куб,высокая,мало,низкий
18,белый,низкий,куб,низкая,много,низкий
19,зелёный,средний,эллипсоид,средняя,мало,средний
20,чёрный,низкий,параллепипед,высокая,много,средний
21,чёрный,высокий,куб,низкая,достаточно,средний
22,красный,средний,эллипсоид,низкая,достаточно,средний
23,белый,низкий,куб,высокая,много,низкий
24,синий,высокий,куб,средняя,много,средний
25,белый,высокий,параллепипед,низкая,мало,высокий
26,оранжевый,низкий,шар,средняя,достаточно,низкий
27,белый,низкий,куб,высокая,отсутствуют,средний
28,красный,низкий,эллипсоид,средняя,отсутствуют,средний
29,синий,низкий,параллепипед,средняя,мало,средний
30,зелёный,высокий,параллепипед,низкая,отсутствуют,высокий
31,чёрный,низкий,куб,низкая,достаточно,низкий
32,красный,средний,эллипсоид,высокая,достаточно,средний
33,синий,низкий,шар,средняя,мало,низкий
34,зелёный,низкий,параллепипед,средняя,достаточно,низкий
35,красный,высокий,куб,высокая,отсутствуют,высокий
36,коричневый,средний,эллипсоид,низкая,мало,низкий
37,красный,высокий,параллепипед,высокая,отсутствуют,высокий
38,коричневый,низкий,параллепипед,низкая,много,низкий
39,красный,низкий,куб,высокая,много,низкий
40,чёрный,высокий,шар,средняя,отсутствуют,высокий
41,белый,низкий,параллепипед,средняя,много,низкий
42,белый,низкий,шар,средняя,отсутствуют,средний
43,коричневый,низкий,шар,средняя,мало,низкий
44,белый,низкий,шар,средняя,достаточно,средний
45,оранжевый,высокий,куб,средняя,достаточно,низкий
46,зелёный,средний,параллепипед,средняя,много,средний
47,красный,средний,параллепипед,высокая,достаточно,средний
48,жёлтый,низкий,эллипсоид,низкая,много,низкий
49,белый,высокий,параллепипед,средняя,мало,высокий
50,красный,низкий,шар,высокая,мало,средний
51,коричневый,высокий,параллепипед,низкая,достаточно,низкий
52,синий,высокий,куб,средняя,много,средний
53,зелёный,низкий,куб,низкая,достаточно,низкий
54,чёрный,высокий,куб,высокая,достаточно,средний
55,жёлтый,средний,эллипсоид,высокая,мало,средний
56,коричневый,средний,куб,средняя,отсутствуют,низкий
57,чёрный,средний,шар,средняя,много,средний
58,зелёный,высокий,параллепипед,высокая,достаточно,средний
59,оранжевый,высокий,шар,средняя,достаточно,низкий
60,синий,низкий,куб,высокая,достаточно,низкий
61,жёлтый,высокий,шар,высокая,мало,средний
62,жёлтый,низкий,куб,низкая,мало,низкий
63,красный,средний,шар,высокая,мало,средний
64,зелёный,средний,шар,низкая,много,низкий
65,оранжевый,низкий,куб,низкая,много,низкий
66,зелёный,низкий,эллипсоид,средняя,достаточно,низкий
67,чёрный,высокий,шар,средняя,много,средний
68,синий,средний,куб,высокая,достаточно,низкий
69,красный,средний,куб,низкая,достаточно,средний
70,белый,средний,куб,низкая,отсутствуют,высокий
71,красный,низкий,куб,высокая,отсутствуют,средний
72,жёлтый,высокий,куб,высокая,мало,средний
73,жёлтый,высокий,параллепипед,низкая,достаточно,средний
74,чёрный,средний,куб,низкая,отсутствуют,высокий
75,зелёный,средний,куб,средняя,отсутствуют,высокий
76,красный,высокий,эллипсоид,средняя,мало,высокий
77,оранжевый,низкий,параллепипед,высокая,много,средний
78,чёрный,высокий,шар,низкая,достаточно,средний
79,чёрный,высокий,куб,высокая,мало,высокий
80,коричневый,низкий,куб,высокая,мало,низкий
81,чёрный,средний,эллипсоид,средняя,отсутствуют,высокий
82,чёрный,низкий,параллепипед,низкая,отсутствуют,средний
83,красный,средний,куб,высокая,достаточно,средний
84,красный,высокий,шар,высокая,отсутствуют,высокий
85,жёлтый,низкий,эллипсоид,низкая,мало,низкий
86,зелёный,низкий,шар,высокая,много,низкий
87,жёлтый,высокий,эллипсоид,низкая,отсутствуют,средний
88,оранжевый,низкий,куб,низкая,мало,низкий
89,синий,средний,шар,высокая,мало,средний
90,чёрный,средний,куб,высокая,мало,средний
91,зелёный,высокий,куб,низкая,достаточно,средний
92,жёлтый,низкий,куб,средняя,много,низкий
93,синий,высокий,шар,средняя,мало,средний
94,белый,низкий,шар,высокая,много,средний
95,синий,средний,эллипсоид,средняя,мало,средний
96,зелёный,средний,эллипсоид,высокая,достаточно,средний
97,белый,средний,эллипсоид,высокая,мало,высокий
98,зелёный,низкий,параллепипед,средняя,достаточно,низкий
99,оранжевый,средний,эллипсоид,высокая,отсутствуют,высокий
100,оранжевый,низкий,куб,низкая,мало,низкий
101,красный,высокий,параллепипед,низкая,отсутствуют,высокий
102,коричневый,высокий,параллепипед,низкая,много,низкий
103,чёрный,низкий,куб,средняя,много,низкий
104,синий,средний,эллипсоид,низкая,мало,средний
105,оранжевый,высокий,эллипсоид,средняя,отсутствуют,средний
106,оранжевый,низкий,куб,низкая,отсутствуют,низкий
107,белый,низкий,параллепипед,низкая,много,низкий
108,синий,высокий,куб,высокая,много,средний
109,оранжевый,низкий,шар,низкая,достаточно,низкий
110,белый,низкий,параллепипед,высокая,достаточно,средний
111,коричневый,низкий,параллепипед,низкая,достаточно,низкий
112,жёлтый,низкий,куб,низкая,отсутствуют,средний
113,коричневый,средний,шар,низкая,мало,низкий
114,белый,низкий,шар,высокая,мало,средний
115,красный,высокий,шар,низкая,много,средний
116,оранжевый,высокий,шар,высокая,много,низкий
117,чёрный,низкий,шар,средняя,отсутствуют,средний
118,синий,низкий,куб,высокая,достаточно,низкий
119,белый,высокий,параллепипед,низкая,мало,высокий
120,красный,высокий,куб,высокая,отсутствуют,высокий
121,белый,средний,эллипсоид,высокая,отсутствуют,высокий
122,красный,низкий,куб,высокая,мало,средний
123,красный,средний,эллипсоид,высокая,мало,высокий
124,красный,низкий,куб,низкая,много,низкий
125,красный,средний,эллипсоид,средняя,много,средний
126,красный,высокий,куб,средняя,мало,средний
127,коричневый,низкий,эллипсоид,средняя,много,низкий
128,жёлтый,низкий,шар,средняя,мало,низкий
129,жёлтый,средний,параллепипед,средняя,много,низкий
130,оранжевый,средний,эллипсоид,средняя,много,низкий
131,зелёный,средний,куб,высокая,много,низкий
132,синий,низкий,параллепипед,средняя,отсутствуют,средний
133,чёрный,высокий,эллипсоид,высокая,мало,высокий
134,красный,высокий,куб,низкая,много,средний
135,красный,высокий,параллепипед,высокая,мало,высокий
136,коричневый,средний,шар,низкая,отсутствуют,низкий
137,оранжевый,высокий,параллепипед,высокая,мало,средний
138,оранжевый,низкий,шар,средняя,отсутствуют,средний
139,оранжевый,средний,шар,низкая,много,низкий
140,белый,средний,шар,низкая,достаточно,средний
141,зелёный,высокий,куб,низкая,отсутствуют,высокий
142,зелёный,высокий,эллипсоид,средняя,отсутствуют,высокий
143,жёлтый,высокий,эллипсоид,низкая,мало,средний
144,коричневый,средний,шар,низкая,мало,низкий
145,оранжевый,низкий,куб,средняя,мало,низкий
146,оранжевый,высокий,куб,высокая,достаточно,низкий
147,красный,высокий,куб,средняя,достаточно,средний
148,синий,низкий,куб,низкая,много,низкий
149,красный,средний,эллипсоид,средняя,много,средний
150,чёрный,средний,эллипсоид,высокая,достаточно,средний
151,зелёный,средний,эллипсоид,низкая,много,низкий
152,зелёный,высокий,шар,высокая,отсутствуют,высокий
153,синий,низкий,параллепипед,низкая,достаточно,низкий
154,белый,высокий,шар,высокая,достаточно,средний
155,чёрный,средний,эллипсоид,высокая,достаточно,средний
156,зелёный,высокий,куб,низкая,отсутствуют,высокий
157,коричневый,средний,эллипсоид,низкая,много,низкий
158,жёлтый,высокий,куб,средняя,отсутствуют,средний
159,коричневый,низкий,параллепипед,высокая,много,средний
160,коричневый,высокий,куб,низкая,достаточно,низкий
161,коричневый,средний,параллепипед,высокая,много,средний
162,чёрный,высокий,эллипсоид,высокая,достаточно,средний
163,красный,средний,куб,низкая,отсутствуют,высокий
164,коричневый,высокий,эллипсоид,высокая,отсутствуют,высокий
165,зелёный,низкий,параллепипед,высокая,достаточно,средний
166,красный,средний,куб,высокая,много,средний
167,зелёный,низкий,куб,высокая,достаточно,низкий
168,синий,высокий,параллепипед,высокая,достаточно,средний
169,красный,низкий,куб,средняя,отсутствуют,средний
170,белый,средний,куб,низкая,много,средний
171,жёлтый,высокий,шар,высокая,отсутствуют,высокий
172,зелёный,низкий,шар,средняя,много,низкий
173,оранжевый,высокий,куб,средняя,много,низкий
174,коричневый,высокий,куб,высокая,мало,низкий
175,зелёный,средний,эллипсоид,высокая,отсутствуют,высокий
176,коричневый,средний,параллепипед,средняя,много,низкий
177,зелёный,средний,куб,низкая,мало,средний
178,синий,высокий,шар,высокая,много,средний
179,зелёный,средний,куб,низкая,отсутствуют,высокий
180,красный,низкий,параллепипед,средняя,мало,средний
181,зелёный,высокий,куб,низкая,много,средний
182,жёлтый,высокий,шар,низкая,мало,средний
183,синий,средний,эллипсоид,низкая,мало,средний
184,жёлтый,высокий,куб,средняя,много,низкий
185,синий,низкий,эллипсоид,низкая,достаточно,низкий
186,белый,низкий,эллипсоид,средняя,достаточно,средний
187,жёлтый,средний,куб,средняя,отсутствуют,средний
188,белый,средний,куб,низкая,достаточно,средний
189,зелёный,средний,куб,высокая,достаточно,средний
190,синий,средний,куб,высокая,достаточно,низкий
191,оранжевый,высокий,параллепипед,средняя,отсутствуют,средний
192,зелёный,высокий,куб,низкая,много,средний
193,белый,средний,шар,средняя,много,средний
194,красный,средний,параллепипед,высокая,мало,высокий
195,оранжевый,средний,куб,низкая,много,низкий
196,красный,средний,шар,низкая,мало,средний
197,жёлтый,высокий,эллипсоид,низкая,отсутствуют,средний
198,зелёный,средний,шар,высокая,отсутствуют,высокий
199,белый,низкий,эллипсоид,высокая,достаточно,средний
200,синий,высокий,шар,средняя,мало,средний
201,коричневый,средний,шар,средняя,мало,низкий
202,оранжевый,низкий,эллипсоид,средняя,достаточно,низкий
203,зелёный,средний,эллипсоид,средняя,отсутствуют,высокий
204,белый,низкий,куб,низкая,мало,средний
205,жёлтый,низкий,куб,высокая,достаточно,низкий
206,коричневый,средний,параллепипед,средняя,достаточно,низкий
207,красный,низкий,куб,средняя,отсутствуют,средний
208,оранжевый,средний,шар,средняя,много,низкий
209,жёлтый,средний,параллепипед,высокая,достаточно,средний
210,оранжевый,высокий,эллипсоид,средняя,много,низкий
211,синий,низкий,эллипсоид,низкая,отсутствуют,средний
212,синий,средний,куб,низкая,мало,средний
213,зелёный,низкий,куб,высокая,мало,низкий
214,чёрный,низкий,параллепипед,средняя,много,низкий
215,красный,низкий,шар,высокая,отсутствуют,высокий
216,красный,высокий,эллипсоид,низкая,мало,средний
217,коричневый,средний,куб,средняя,много,низкий
218,оранжевый,низкий,куб,средняя,достаточно,низкий
219,жёлтый,низкий,параллепипед,низкая,отсутствуют,средний
220,синий,средний,куб,высокая,достаточно,низкий
221,красный,низкий,шар,средняя,отсутствуют,средний
222,синий,высокий,шар,высокая,отсутствуют,высокий
223,оранжевый,низкий,куб,высокая,достаточно,низкий
224,зелёный,высокий,куб,низкая,мало,средний
225,чёрный,низкий,параллепипед,средняя,достаточно,средний
226,жёлтый,низкий,шар,высокая,мало,средний
227,оранжевый,высокий,куб,высокая,много,низкий
228,коричневый,низкий,куб,средняя,достаточно,низкий
229,красный,низкий,параллепипед,высокая,мало,средний
230,белый,средний,параллепипед,высокая,много,средний
231,оранжевый,высокий,шар,средняя,много,низкий
232,зелёный,низкий,шар,высокая,мало,средний
233,синий,средний,куб,высокая,достаточно,низкий
234,зелёный,средний,шар,низкая,много,низкий
235,синий,высокий,куб,низкая,мало,средний
236,синий,средний,параллепипед,высокая,много,средний
237,жёлтый,средний,шар,средняя,мало,средний
238,оранжевый,средний,куб,высокая,мало,низкий
239,оранжевый,средний,куб,высокая,мало,низкий
240,красный,высокий,шар,средняя,много,средний
241,оранжевый,средний,параллепипед,средняя,отсутствуют,средний
242,красный,низкий,шар,высокая,много,низкий
243,красный,низкий,шар,низкая,мало,средний
244,синий,низкий,шар,высокая,достаточно,низкий
245,белый,низкий,эллипсоид,средняя,достаточно,средний
246,чёрный,низкий,куб,низкая,отсутствуют,средний
247,красный,низкий,куб,низкая,много,низкий
248,синий,средний,эллипсоид,средняя,мало,средний
249,зелёный,высокий,параллепипед,средняя,отсутствуют,высокий
250,красный,высокий,параллепипед,средняя,достаточно,средний
251,белый,высокий,куб,низкая,достаточно,средний
252,красный,средний,параллепипед,низкая,мало,средний
253,белый,низкий,параллепипед,средняя,мало,средний
254,жёлтый,средний,куб,низкая,мало,средний
255,чёрный,высокий,эллипсоид,высокая,отсутствуют,высокий
256,белый,высокий,куб,высокая,достаточно,средний
257,жёлтый,низкий,шар,высокая,мало,средний
258,коричневый,низкий,параллепипед,высокая,достаточно,средний
259,белый,средний,шар,средняя,отсутствуют,высокий
260,оранжевый,низкий,эллипсоид,средняя,мало,низкий
261,коричневый,средний,куб,низкая,достаточно,низкий
262,синий,средний,эллипсоид,низкая,отсутствуют,средний
263,синий,высокий,шар,низкая,достаточно,средний
264,коричневый,средний,параллепипед,средняя,отсутствуют,средний
265,красный,средний,куб,средняя,много,средний
266,синий,средний,шар,высокая,отсутствуют,высокий
267,чёрный,низкий,шар,высокая,достаточно,средний
268,оранжевый,низкий,куб,низкая,отсутствуют,низкий
269,белый,низкий,шар,низкая,достаточно,низкий
270,красный,низкий,куб,средняя,мало,средний
271,зелёный,высокий,эллипсоид,средняя,отсутствуют,высокий
272,чёрный,высокий,эллипсоид,низкая,достаточно,средний
273,белый,средний,куб,средняя,мало,средний
274,красный,средний,куб,средняя,мало,средний
275,красный,низкий,параллепипед,низкая,много,низкий
276,жёлтый,низкий,параллепипед,средняя,достаточно,низкий
277,белый,низкий,эллипсоид,высокая,мало,средний
278,синий,средний,шар,высокая,много,средний
279,чёрный,средний,шар,высокая,достаточно,средний
280,синий,средний,параллепипед,низкая,много,низкий
281,жёлтый,низкий,куб,средняя,отсутствуют,средний
282,красный,низкий,эллипсоид,высокая,много,средний
283,белый,средний,параллепипед,средняя,достаточно,средний
284,синий,высокий,шар,средняя,мало,средний
285,зелёный,высокий,параллепипед,средняя,много,средний
286,зелёный,низкий,куб,высокая,много,низкий
287,синий,средний,куб,высокая,достаточно,низкий
288,зелёный,низкий,параллепипед,высокая,отсутствуют,высокий
289,жёлтый,высокий,параллепипед,низкая,много,низкий
290,коричневый,средний,параллепипед,высокая,много,средний
291,чёрный,средний,параллепипед,низкая,отсутствуют,высокий
292,чёрный,высокий,шар,низкая,отсутствуют,высокий
293,чёрный,высокий,параллепипед,низкая,мало,высокий
294,коричневый,низкий,шар,низкая,достаточно,низкий
295,чёрный,низкий,куб,средняя,много,низкий
296,оранжевый,средний,эллипсоид,высокая,много,средний
297,зелёный,средний,параллепипед,высокая,много,средний
298,чёрный,низкий,эллипсоид,средняя,много,низкий
299,белый,высокий,шар,низкая,много,средний
300,белый,низкий,параллепипед,низкая,много,низкий
301,красный,высокий,эллипсоид,высокая,мало,высокий
302,зелёный,высокий,куб,средняя,отсутствуют,высокий
303,чёрный,низкий,куб,средняя,много,низкий
304,коричневый,высокий,куб,высокая,много,низкий
305,синий,высокий,параллепипед,средняя,достаточно,средний
306,жёлтый,высокий,шар,высокая,отсутствуют,высокий
307,зелёный,высокий,куб,средняя,отсутствуют,высокий
308,синий,высокий,шар,средняя,мало,средний
309,чёрный,высокий,куб,низкая,мало,высокий
310,оранжевый,высокий,эллипсоид,низкая,много,низкий
311,синий,высокий,шар,низкая,много,средний
312,зелёный,средний,куб,низкая,достаточно,средний
313,синий,средний,параллепипед,низкая,много,низкий
314,чёрный,низкий,параллепипед,низкая,много,низкий
315,синий,низкий,шар,низкая,много,низкий
316,чёрный,низкий,шар,низкая,достаточно,низкий
317,жёлтый,низкий,куб,низкая,мало,низкий
318,чёрный,средний,шар,средняя,мало,средний
319,жёлтый,высокий,куб,высокая,отсутствуют,средний
320,жёлтый,низкий,куб,низкая,отсутствуют,средний
321,белый,средний,эллипсоид,средняя,мало,средний
322,жёлтый,низкий,параллепипед,низкая,отсутствуют,средний
323,жёлтый,средний,параллепипед,средняя,мало,средний
324,белый,высокий,куб,высокая,мало,высокий
325,чёрный,высокий,параллепипед,средняя,много,средний
326,чёрный,высокий,шар,средняя,отсутствуют,высокий
327,красный,средний,параллепипед,высокая,много,средний
328,белый,низкий,шар,высокая,достаточно,средний
329,красный,низкий,параллепипед,средняя,много,низкий
330,белый,низкий,шар,низкая,мало,средний
331,синий,средний,эллипсоид,низкая,мало,средний
332,оранжевый,низкий,куб,высокая,отсутствуют,низкий
333,зелёный,высокий,эллипсоид,низкая,много,средний
334,жёлтый,низкий,параллепипед,низкая,мало,низкий
335,красный,низкий,параллепипед,низкая,достаточно,низкий
336,красный,низкий,эллипсоид,низкая,достаточно,низкий
337,чёрный,низкий,куб,низкая,достаточно,низкий
338,зелёный,средний,шар,низкая,достаточно,средний
339,чёрный,низкий,шар,высокая,отсутствуют,высокий
340,оранжевый,средний,куб,средняя,много,низкий
341,оранжевый,низкий,куб,низкая,достаточно,низкий
342,жёлтый,средний,параллепипед,низкая,мало,средний
343,жёлтый,средний,куб,средняя,много,низкий
344,красный,низкий,шар,низкая,достаточно,низкий
345,коричневый,низкий,эллипсоид,высокая,отсутствуют,средний
346,красный,низкий,куб,низкая,отсутствуют,средний
347,синий,низкий,параллепипед,низкая,отсутствуют,средний
348,оранжевый,низкий,эллипсоид,высокая,достаточно,средний
349,коричневый,средний,куб,низкая,мало,низкий
350,чёрный,высокий,куб,высокая,достаточно,средний
351,чёрный,низкий,параллепипед,высокая,мало,средний
352,коричневый,средний,шар,средняя,мало,низкий
353,жёлтый,средний,эллипсоид,низкая,мало,средний
354,красный,высокий,параллепипед,высокая,достаточно,высокий
355,зелёный,низкий,эллипсоид,средняя,отсутствуют,средний
356,оранжевый,средний,шар,высокая,много,низкий
357,оранжевый,высокий,параллепипед,средняя,много,низкий
358,зелёный,низкий,параллепипед,низкая,много,низкий
359,жёлтый,низкий,эллипсоид,высокая,много,низкий
360,жёлтый,высокий,куб,средняя,достаточно,средний
361,синий,средний,куб,средняя,мало,средний
362,жёлтый,высокий,куб,высокая,достаточно,средний
363,красный,высокий,эллипсоид,средняя,отсутствуют,высокий
364,чёрный,средний,параллепипед,высокая,достаточно,средний
365,оранжевый,высокий,шар,средняя,отсутствуют,средний
366,синий,высокий,параллепипед,средняя,много,средний
367,оранжевый,высокий,эллипсоид,высокая,достаточно,средний
368,зелёный,средний,параллепипед,высокая,много,средний
369,оранжевый,средний,параллепипед,высокая,достаточно,средний
370,белый,низкий,куб,средняя,отсутствуют,средний
371,чёрный,средний,параллепипед,средняя,отсутствуют,высокий
372,жёлтый,низкий,шар,высокая,мало,средний
373,оранжевый,высокий,куб,средняя,мало,средний
374,чёрный,низкий,параллепипед,средняя,отсутствуют,высокий
375,зелёный,средний,эллипсоид,средняя,отсутствуют,высокий
376,красный,низкий,куб,низкая,достаточно,низкий
377,белый,высокий,шар,высокая,отсутствуют,высокий
378,зелёный,средний,шар,средняя,достаточно,средний
379,жёлтый,средний,параллепипед,высокая,достаточно,средний
380,оранжевый,высокий,эллипсоид,низкая,достаточно,низкий
381,зелёный,средний,параллепипед,средняя,отсутствуют,высокий
382,белый,средний,эллипсоид,низкая,отсутствуют,высокий
383,жёлтый,низкий,куб,низкая,много,низкий
384,коричневый,низкий,параллепипед,низкая,много,низкий
385,коричневый,низкий,куб,средняя,много,низкий
386,синий,средний,куб,низкая,много,низкий
387,красный,средний,эллипсоид,средняя,мало,средний
388,коричневый,средний,шар,высокая,мало,средний
389,коричневый,высокий,эллипсоид,средняя,достаточно,низкий
390,красный,низкий,куб,высокая,отсутствуют,средний
391,белый,высокий,куб,низкая,много,средний
392,чёрный,низкий,параллепипед,высокая,отсутствуют,высокий
393,чёрный,высокий,шар,высокая,много,средний
394,коричневый,высокий,куб,средняя,много,низкий
395,жёлтый,средний,куб,низкая,достаточно,низкий
396,зелёный,средний,куб,средняя,отсутствуют,высокий
397,коричневый,высокий,шар,средняя,много,низкий
398,красный,низкий,эллипсоид,низкая,отсутствуют,средний
399,синий,средний,эллипсоид,низкая,мало,средний
400,белый,низкий,параллепипед,низкая,много,низкий
401,оранжевый,средний,эллипсоид,низкая,отсутствуют,средний
402,белый,высокий,куб,средняя,много,средний
403,красный,средний,куб,высокая,мало,средний
404,оранжевый,высокий,шар,средняя,много,низкий
405,красный,низкий,куб,средняя,достаточно,низкий
406,зелёный,средний,шар,высокая,мало,средний
407,чёрный,низкий,куб,высокая,достаточно,низкий
408,зелёный,низкий,эллипсоид,низкая,отсутствуют,средний
409,оранжевый,высокий,эллипсоид,высокая,мало,средний
410,чёрный,средний,шар,средняя,достаточно,средний
411,оранжевый,высокий,параллепипед,средняя,много,низкий
412,красный,средний,параллепипед,средняя,много,средний
413,жёлтый,высокий,эллипсоид,средняя,достаточно,средний
414,оранжевый,низкий,шар,средняя,мало,низкий
415,красный,высокий,параллепипед,средняя,мало,высокий
416,коричневый,низкий,параллепипед,высокая,достаточно,средний
417,синий,низкий,куб,низкая,достаточно,низкий
418,чёрный,средний,параллепипед,высокая,достаточно,средний
419,коричневый,низкий,параллепипед,низкая,отсутствуют,низкий
420,оранжевый,средний,куб,высокая,отсутствуют,средний
421,коричневый,высокий,эллипсоид,средняя,мало,низкий
422,жёлтый,средний,параллепипед,высокая,мало,средний
423,белый,низкий,куб,низкая,отсутствуют,средний
424,чёрный,высокий,эллипсоид,средняя,мало,высокий
425,жёлтый,высокий,куб,низкая,много,низкий
426,оранжевый,средний,параллепипед,низкая,мало,низкий
427,чёрный,низкий,эллипсоид,средняя,много,низкий
428,жёлтый,высокий,параллепипед,высокая,достаточно,средний
429,красный,низкий,шар,высокая,достаточно,средний
430,белый,низкий,эллипсоид,низкая,отсутствуют,средний
431,жёлтый,высокий,шар,высокая,достаточно,средний
432,зелёный,средний,шар,средняя,мало,средний
433,синий,высокий,параллепипед,низкая,достаточно,средний
434,оранжевый,высокий,куб,низкая,отсутствуют,средний
435,синий,средний,шар,средняя,мало,средний
436,синий,высокий,параллепипед,низкая,много,средний
437,красный,средний,параллепипед,высокая,много,средний
438,коричневый,высокий,параллепипед,низкая,много,низкий
439,коричневый,средний,параллепипед,низкая,отсутствуют,низкий
440,чёрный,низкий,шар,низкая,много,низкий
441,зелёный,высокий,шар,средняя,мало,средний
442,синий,низкий,куб,средняя,много,низкий
443,зелёный,низкий,эллипсоид,низкая,отсутствуют,средний
444,коричневый,низкий,куб,низкая,много,низкий
445,белый,низкий,куб,средняя,достаточно,низкий
446,жёлтый,высокий,эллипсоид,низкая,много,низкий
447,чёрный,высокий,эллипсоид,высокая,мало,высокий
448,белый,высокий,куб,высокая,достаточно,средний
449,зелёный,средний,параллепипед,высокая,мало,высокий
450,жёлтый,высокий,эллипсоид,низкая,мало,средний
451,красный,низкий,параллепипед,средняя,отсутствуют,средний
452,жёлтый,средний,куб,высокая,много,низкий
453,жёлтый,высокий,параллепипед,средняя,отсутствуют,высокий
454,красный,средний,шар,высокая,много,средний
455,зелёный,высокий,параллепипед,высокая,достаточно,средний
456,оранжевый,низкий,эллипсоид,высокая,мало,средний
457,синий,низкий,шар,низкая,много,низкий
458,коричневый,средний,шар,низкая,много,низкий
459,жёлтый,высокий,эллипсоид,высокая,мало,средний
460,чёрный,средний,параллепипед,низкая,много,средний
461,зелёный,средний,шар,средняя,много,низкий
462,оранжевый,низкий,шар,высокая,много,низкий
463,жёлтый,средний,шар,средняя,отсутствуют,средний
464,оранжевый,средний,куб,высокая,достаточно,низкий
465,жёлтый,низкий,параллепипед,средняя,мало,средний
466,красный,низкий,эллипсоид,средняя,достаточно,низкий
467,оранжевый,высокий,эллипсоид,средняя,много,низкий
468,синий,высокий,шар,низкая,мало,средний
469,оранжевый,низкий,куб,средняя,мало,низкий
470,красный,средний,параллепипед,низкая,достаточно,средний
471,синий,высокий,куб,средняя,много,средний
472,коричневый,высокий,куб,низкая,достаточно,низкий
473,коричневый,средний,параллепипед,высокая,достаточно,средний
474,синий,высокий,куб,низкая,отсутствуют,высокий
475,коричневый,низкий,эллипсоид,низкая,много,низкий
476,синий,средний,эллипсоид,средняя,мало,средний
477,оранжевый,средний,куб,средняя,мало,низкий
478,зелёный,средний,куб,высокая,мало,средний
479,жёлтый,низкий,куб,высокая,отсутствуют,средний
480,коричневый,низкий,эллипсоид,высокая,много,низкий
481,коричневый,средний,куб,средняя,достаточно,низкий
482,коричневый,средний,параллепипед,высокая,мало,средний
483,красный,высокий,параллепипед,высокая,мало,высокий
484,зелёный,средний,параллепипед,низкая,много,низкий
485,зелёный,высокий,эллипсоид,средняя,достаточно,средний
486,коричневый,средний,параллепипед,низкая,отсутствуют,низкий
487,чёрный,высокий,эллипсоид,высокая,мало,высокий
488,красный,средний,эллипсоид,низкая,достаточно,средний
489,белый,средний,куб,средняя,достаточно,средний
490,чёрный,низкий,куб,высокая,много,низкий
491,чёрный,низкий,шар,средняя,отсутствуют,средний
492,белый,низкий,параллепипед,низкая,мало,средний
493,синий,средний,параллепипед,низкая,достаточно,низкий
494,синий,средний,эллипсоид,низкая,достаточно,низкий
495,красный,низкий,шар,высокая,отсутствуют,высокий
496,белый,средний,эллипсоид,средняя,много,средний
497,красный,средний,параллепипед,высокая,мало,высокий
498,коричневый,низкий,куб,высокая,много,низкий
499,оранжевый,высокий,куб,низкая,отсутствуют,средний
500,оранжевый,средний,эллипсоид,низкая,достаточно,низкий
501,коричневый,высокий,куб,средняя,мало,низкий
502,оранжевый,низкий,эллипсоид,средняя,достаточно,низкий
503,оранжевый,средний,шар,высокая,достаточно,низкий
504,жёлтый,средний,куб,низкая,отсутствуют,средний
505,синий,высокий,параллепипед,средняя,достаточно,средний
506,жёлтый,высокий,параллепипед,высокая,мало,высокий
507,синий,средний,эллипсоид,высокая,мало,средний
508,красный,низкий,шар,высокая,мало,средний
509,синий,высокий,эллипсоид,средняя,достаточно,средний
510,жёлтый,высокий,эллипсоид,низкая,мало,средний
511,зелёный,высокий,куб,средняя,много,средний
512,белый,средний,параллепипед,низкая,мало,средний
513,красный,низкий,эллипсоид,средняя,достаточно,низкий
514,жёлтый,высокий,шар,низкая,много,низкий
515,белый,высокий,шар,средняя,много,средний
516,синий,высокий,шар,высокая,достаточно,средний
517,оранжевый,средний,шар,низкая,достаточно,низкий
518,оранжевый,высокий,куб,средняя,много,низкий
519,зелёный,низкий,параллепипед,средняя,много,низкий
520,коричневый,средний,эллипсоид,низкая,мало,низкий
521,оранжевый,низкий,параллепипед,средняя,много,низкий
522,красный,низкий,эллипсоид,средняя,достаточно,низкий
523,коричневый,средний,эллипсоид,высокая,много,низкий
524,оранжевый,низкий,эллипсоид,средняя,достаточно,низкий
525,оранжевый,низкий,параллепипед,низкая,мало,низкий
526,коричневый,низкий,эллипсоид,низкая,много,низкий
527,красный,низкий,параллепипед,низкая,мало,средний
528,белый,низкий,эллипсоид,низкая,много,низкий
529,жёлтый,низкий,эллипсоид,низкая,отсутствуют,средний
530,красный,средний,шар,средняя,много,средний
531,жёлтый,высокий,эллипсоид,низкая,достаточно,средний
532,зелёный,высокий,эллипсоид,низкая,отсутствуют,высокий
533,синий,низкий,шар,высокая,много,низкий
534,чёрный,высокий,эллипсоид,высокая,мало,высокий
535,красный,низкий,эллипсоид,высокая,мало,средний
536,белый,низкий,эллипсоид,высокая,мало,средний
537,оранжевый,средний,параллепипед,средняя,достаточно,низкий
538,красный,средний,куб,высокая,отсутствуют,высокий
539,чёрный,высокий,эллипсоид,низкая,много,средний
540,коричневый,средний,куб,высокая,мало,низкий
541,красный,высокий,шар,средняя,отсутствуют,высокий
542,белый,средний,шар,высокая,мало,высокий
543,белый,высокий,шар,средняя,отсутствуют,высокий
544,синий,низкий,параллепипед,высокая,мало,средний
545,коричневый,средний,параллепипед,низкая,много,низкий
546,синий,высокий,параллепипед,высокая,отсутствуют,высокий
547,коричневый,высокий,шар,низкая,много,низкий
548,оранжевый,низкий,параллепипед,низкая,отсутствуют,низкий
549,чёрный,средний,шар,средняя,много,средний
550,белый,высокий,шар,средняя,отсутствуют,высокий
551,жёлтый,высокий,параллепипед,низкая,много,низкий
552,коричневый,средний,параллепипед,высокая,достаточно,средний
553,оранжевый,низкий,эллипсоид,высокая,мало,средний
554,зелёный,высокий,куб,высокая,мало,средний
555,красный,низкий,шар,высокая,достаточно,средний
556,синий,высокий,шар,низкая,мало,средний
557,чёрный,средний,шар,средняя,достаточно,средний
558,зелёный,низкий,куб,низкая,много,низкий
559,зелёный,высокий,куб,высокая,достаточно,средний
560,оранжевый,низкий,эллипсоид,средняя,отсутствуют,средний
561,белый,средний,эллипсоид,высокая,достаточно,средний
562,жёлтый,высокий,куб,низкая,мало,средний
563,жёлтый,средний,параллепипед,высокая,достаточно,средний
564,зелёный,средний,куб,средняя,отсутствуют,высокий
565,синий,средний,шар,низкая,мало,средний
566,синий,низкий,шар,средняя,много,низкий
567,жёлтый,высокий,шар,низкая,отсутствуют,средний
568,жёлтый,средний,параллепипед,низкая,отсутствуют,средний
569,синий,высокий,куб,низкая,отсутствуют,высокий
570,коричневый,средний,куб,средняя,мало,низкий
571,красный,высокий,куб,средняя,достаточно,средний
572,коричневый,низкий,куб,высокая,мало,низкий
573,зелёный,низкий,куб,низкая,отсутствуют,средний
574,синий,средний,шар,низкая,много,низкий
575,зелёный,средний,шар,средняя,отсутствуют,высокий
576,зелёный,высокий,куб,высокая,много,средний
577,синий,низкий,параллепипед,низкая,достаточно,низкий
578,синий,низкий,параллепипед,средняя,достаточно,низкий
579,красный,средний,куб,высокая,отсутствуют,высокий
580,чёрный,низкий,эллипсоид,низкая,много,низкий
581,красный,низкий,параллепипед,низкая,достаточно,низкий
582,коричневый,высокий,параллепипед,средняя,много,низкий
583,жёлтый,низкий,шар,низкая,мало,низкий
584,оранжевый,средний,куб,высокая,много,низкий
585,чёрный,низкий,куб,средняя,мало,средний
586,синий,средний,шар,низкая,мало,средний
587,коричневый,высокий,шар,низкая,отсутствуют,средний
588,оранжевый,средний,параллепипед,низкая,отсутствуют,средний
589,коричневый,средний,шар,высокая,мало,средний
590,жёлтый,низкий,шар,средняя,много,низкий
591,коричневый,низкий,шар,низкая,отсутствуют,низкий
592,коричневый,высокий,параллепипед,высокая,достаточно,средний
593,синий,высокий,параллепипед,высокая,достаточно,средний
594,синий,средний,эллипсоид,средняя,много,низкий
595,коричневый,высокий,эллипсоид,высокая,отсутствуют,высокий
596,синий,средний,эллипсоид,средняя,достаточно,средний
597,коричневый,средний,эллипсоид,средняя,много,низкий
598,жёлтый,высокий,шар,средняя,отсутствуют,высокий
599,оранжевый,низкий,куб,средняя,много,низкий
600,оранжевый,низкий,куб,низкая,мало,низкий
601,красный,средний,куб,низкая,отсутствуют,высокий
602,оранжевый,высокий,шар,средняя,отсутствуют,средний
603,белый,высокий,параллепипед,средняя,достаточно,средний
604,коричневый,низкий,куб,высокая,много,низкий
605,чёрный,низкий,куб,низкая,достаточно,низкий
606,чёрный,низкий,параллепипед,высокая,достаточно,средний
607,белый,высокий,эллипсоид,низкая,достаточно,средний
608,коричневый,высокий,куб,высокая,много,низкий
609,белый,высокий,параллепипед,низкая,много,средний
610,зелёный,низкий,куб,средняя,много,низкий
611,красный,средний,эллипсоид,средняя,отсутствуют,высокий
612,чёрный,низкий,шар,высокая,много,низкий
613,чёрный,высокий,эллипсоид,средняя,мало,высокий
614,синий,средний,эллипсоид,средняя,отсутствуют,высокий
615,чёрный,низкий,шар,низкая,много,низкий
616,красный,средний,эллипсоид,низкая,много,средний
617,чёрный,средний,шар,средняя,много,средний
618,жёлтый,низкий,параллепипед,высокая,отсутствуют,высокий
619,белый,низкий,шар,высокая,мало,средний
620,оранжевый,высокий,эллипсоид,низкая,отсутствуют,средний
621,коричневый,высокий,шар,средняя,много,низкий
622,коричневый,высокий,шар,средняя,достаточно,низкий
623,жёлтый,средний,эллипсоид,низкая,много,низкий
624,коричневый,высокий,шар,высокая,много,низкий
625,синий,низкий,параллепипед,средняя,мало,средний
626,оранжевый,высокий,шар,высокая,достаточно,средний
627,оранжевый,высокий,эллипсоид,высокая,много,средний
628,оранжевый,низкий,шар,средняя,мало,низкий
629,жёлтый,низкий,параллепипед,низкая,мало,низкий
630,оранжевый,средний,шар,низкая,много,низкий
631,красный,средний,куб,высокая,мало,средний
632,коричневый,низкий,эллипсоид,средняя,много,низкий
633,чёрный,средний,шар,низкая,отсутствуют,высокий
634,коричневый,высокий,эллипсоид,низкая,мало,низкий
635,зелёный,высокий,куб,средняя,достаточно,средний
636,красный,средний,параллепипед,средняя,много,средний
637,жёлтый,низкий,куб,высокая,мало,низкий
638,красный,высокий,куб,низкая,отсутствуют,высокий
639,оранжевый,средний,параллепипед,средняя,много,низкий
640,жёлтый,средний,параллепипед,высокая,мало,средний
641,жёлтый,низкий,куб,низкая,мало,низкий
642,коричневый,средний,параллепипед,средняя,отсутствуют,средний
643,оранжевый,средний,эллипсоид,высокая,достаточно,средний
644,синий,средний,параллепипед,высокая,отсутствуют,высокий
645,синий,низкий,эллипсоид,низкая,много,низкий
646,коричневый,средний,шар,низкая,мало,низкий
647,чёрный,высокий,эллипсоид,низкая,мало,высокий
648,коричневый,средний,шар,низкая,много,низкий
649,коричневый,средний,параллепипед,средняя,много,низкий
650,чёрный,средний,эллипсоид,высокая,много,средний
651,белый,низкий,шар,средняя,много,низкий
652,зелёный,средний,куб,низкая,отсутствуют,высокий
653,чёрный,средний,куб,средняя,много,средний
654,коричневый,средний,эллипсоид,средняя,мало,низкий
655,красный,средний,шар,низкая,мало,средний
656,жёлтый,высокий,шар,низкая,мало,средний
657,белый,средний,куб,низкая,мало,средний
658,жёлтый,средний,шар,средняя,много,низкий
659,белый,средний,эллипсоид,средняя,отсутствуют,высокий
660,белый,низкий,эллипсоид,низкая,много,низкий
661,красный,низкий,параллепипед,низкая,достаточно,низкий
662,оранжевый,средний,куб,высокая,отсутствуют,средний
663,белый,высокий,эллипсоид,средняя,мало,высокий
664,оранжевый,высокий,шар,низкая,достаточно,низкий
665,белый,низкий,шар,высокая,достаточно,средний
666,коричневый,низкий,шар,высокая,достаточно,низкий
667,чёрный,средний,шар,высокая,мало,средний
668,красный,низкий,параллепипед,низкая,отсутствуют,средний
669,белый,средний,куб,средняя,достаточно,средний
670,красный,средний,куб,высокая,много,средний
671,чёрный,средний,шар,низкая,отсутствуют,высокий
672,жёлтый,средний,эллипсоид,низкая,много,низкий
673,синий,средний,куб,средняя,достаточно,низкий
674,оранжевый,низкий,куб,средняя,достаточно,низкий
675,жёлтый,высокий,эллипсоид,средняя,отсутствуют,высокий
676,коричневый,низкий,параллепипед,высокая,достаточно,средний
677,жёлтый,средний,параллепипед,низкая,отсутствуют,средний
678,синий,низкий,эллипсоид,высокая,мало,средний
679,жёлтый,низкий,куб,высокая,достаточно,низкий
680,красный,низкий,эллипсоид,высокая,достаточно,средний
681,оранжевый,средний,шар,низкая,мало,низкий
682,оранжевый,средний,параллепипед,высокая,мало,средний
683,белый,высокий,эллипсоид,низкая,мало,высокий
684,синий,низкий,параллепипед,низкая,достаточно,низкий
685,синий,низкий,параллепипед,низкая,отсутствуют,средний
686,белый,средний,куб,низкая,мало,средний
687,чёрный,высокий,параллепипед,низкая,мало,высокий
688,белый,высокий,параллепипед,высокая,мало,высокий
689,белый,низкий,параллепипед,низкая,отсутствуют,средний
690,зелёный,высокий,куб,низкая,отсутствуют,высокий
691,жёлтый,средний,эллипсоид,средняя,достаточно,низкий
692,красный,средний,куб,высокая,достаточно,средний
693,жёлтый,высокий,шар,средняя,много,низкий
694,синий,средний,шар,средняя,много,низкий
695,жёлтый,высокий,куб,низкая,много,низкий
696,синий,средний,эллипсоид,высокая,достаточно,средний
697,чёрный,средний,параллепипед,высокая,много,средний
698,красный,средний,шар,высокая,достаточно,средний
699,красный,средний,куб,средняя,много,средний
700,коричневый,низкий,шар,низкая,достаточно,низкий
701,синий,высокий,эллипсоид,низкая,отсутствуют,высокий
702,красный,высокий,шар,средняя,достаточно,средний
703,жёлтый,средний,шар,низкая,мало,средний
704,красный,высокий,куб,высокая,отсутствуют,высокий
705,чёрный,средний,шар,высокая,отсутствуют,высокий
706,синий,средний,параллепипед,низкая,отсутствуют,средний
707,оранжевый,высокий,куб,низкая,мало,средний
708,зелёный,высокий,параллепипед,низкая,отсутствуют,высокий
709,белый,средний,параллепипед,средняя,достаточно,средний
710,синий,низкий,эллипсоид,высокая,отсутствуют,высокий
711,белый,высокий,параллепипед,высокая,много,средний
712,жёлтый,высокий,куб,низкая,достаточно,средний
713,коричневый,низкий,куб,низкая,достаточно,низкий
714,коричневый,средний,параллепипед,низкая,много,низкий
715,чёрный,низкий,параллепипед,высокая,мало,средний
716,белый,средний,параллепипед,высокая,достаточно,средний
717,белый,высокий,шар,высокая,мало,высокий
718,зелёный,средний,эллипсоид,высокая,много,средний
719,синий,средний,параллепипед,средняя,достаточно,средний
720,белый,высокий,куб,средняя,много,средний
721,оранжевый,низкий,параллепипед,низкая,мало,низкий
722,белый,низкий,эллипсоид,высокая,много,средний
723,оранжевый,низкий,параллепипед,высокая,мало,средний
724,белый,высокий,параллепипед,низкая,мало,высокий
725,жёлтый,низкий,эллипсоид,низкая,достаточно,низкий
726,оранжевый,низкий,шар,средняя,много,низкий
727,жёлтый,низкий,шар,низкая,много,низкий
728,зелёный,низкий,параллепипед,низкая,отсутствуют,средний
729,синий,высокий,эллипсоид,низкая,мало,средний
730,жёлтый,средний,куб,низкая,отсутствуют,средний
731,красный,средний,шар,низкая,отсутствуют,высокий
732,синий,высокий,шар,высокая,отсутствуют,высокий
733,зелёный,низкий,куб,средняя,много,низкий
734,чёрный,высокий,шар,низкая,много,средний
735,чёрный,низкий,параллепипед,низкая,отсутствуют,средний
736,красный,средний,параллепипед,средняя,отсутствуют,высокий
737,чёрный,низкий,параллепипед,высокая,мало,средний
738,синий,высокий,параллепипед,средняя,достаточно,средний
739,синий,средний,куб,высокая,отсутствуют,средний
740,красный,высокий,эллипсоид,средняя,мало,высокий
741,оранжевый,высокий,параллепипед,средняя,много,низкий
742,оранжевый,средний,шар,высокая,мало,средний
743,коричневый,низкий,параллепипед,средняя,достаточно,низкий
744,зелёный,низкий,шар,низкая,достаточно,низкий
745,жёлтый,низкий,эллипсоид,средняя,много,низкий
746,чёрный,средний,эллипсоид,высокая,отсутствуют,высокий
747,коричневый,низкий,куб,средняя,достаточно,низкий
748,белый,высокий,параллепипед,низкая,много,средний
749,коричневый,низкий,эллипсоид,низкая,много,низкий
750,коричневый,средний,куб,низкая,мало,низкий
751,красный,средний,параллепипед,низкая,достаточно,средний
752,жёлтый,низкий,эллипсоид,низкая,отсутствуют,средний
753,зелёный,средний,эллипсоид,высокая,много,средний
754,синий,высокий,эллипсоид,низкая,мало,средний
755,синий,высокий,эллипсоид,средняя,отсутствуют,высокий
756,красный,низкий,куб,высокая,отсутствуют,средний
757,белый,низкий,эллипсоид,средняя,достаточно,средний
758,синий,низкий,шар,низкая,достаточно,низкий
759,белый,высокий,параллепипед,низкая,много,средний
760,коричневый,низкий,параллепипед,высокая,достаточно,средний
761,белый,высокий,шар,высокая,мало,высокий
762,белый,высокий,параллепипед,средняя,достаточно,средний
763,чёрный,низкий,шар,низкая,много,низкий
764,зелёный,высокий,эллипсоид,низкая,отсутствуют,высокий
765,синий,низкий,параллепипед,высокая,мало,средний
766,синий,средний,шар,высокая,отсутствуют,высокий
767,зелёный,высокий,шар,низкая,достаточно,средний
768,красный,низкий,параллепипед,средняя,отсутствуют,средний
769,жёлтый,низкий,куб,низкая,много,низкий
770,зелёный,низкий,куб,высокая,отсутствуют,средний
771,синий,низкий,куб,высокая,достаточно,низкий
772,жёлтый,низкий,параллепипед,высокая,достаточно,средний
773,синий,средний,эллипсоид,средняя,мало,средний
774,чёрный,высокий,параллепипед,средняя,достаточно,средний
775,синий,средний,шар,низкая,достаточно,низкий
776,красный,высокий,куб,средняя,мало,средний
777,белый,высокий,параллепипед,высокая,отсутствуют,высокий
778,оранжевый,высокий,эллипсоид,средняя,много,низкий
779,белый,средний,параллепипед,высокая,мало,высокий
780,синий,средний,шар,высокая,достаточно,средний
781,красный,высокий,эллипсоид,средняя,много,средний
782,зелёный,низкий,эллипсоид,высокая,достаточно,средний
783,белый,низкий,эллипсоид,высокая,достаточно,средний
784,белый,средний,параллепипед,средняя,мало,средний
785,оранжевый,высокий,параллепипед,низкая,много,низкий
786,красный,низкий,куб,низкая,достаточно,низкий
787,белый,высокий,шар,средняя,много,средний
788,чёрный,низкий,куб,низкая,много,низкий
789,зелёный,высокий,шар,средняя,много,средний
790,оранжевый,высокий,куб,средняя,мало,средний
791,красный,низкий,параллепипед,низкая,достаточно,низкий
792,зелёный,средний,эллипсоид,высокая,мало,средний
793,чёрный,высокий,параллепипед,высокая,мало,высокий
794,оранжевый,низкий,куб,средняя,много,низкий
795,синий,высокий,параллепипед,низкая,достаточно,средний
796,чёрный,высокий,параллепипед,средняя,достаточно,средний
797,белый,средний,эллипсоид,низкая,достаточно,средний
798,коричневый,низкий,куб,низкая,мало,низкий
799,оранжевый,высокий,параллепипед,средняя,много,низкий
800,синий,низкий,параллепипед,высокая,достаточно,средний
801,красный,высокий,эллипсоид,низкая,мало,средний
802,чёрный,средний,эллипсоид,низкая,достаточно,средний
803,оранжевый,высокий,параллепипед,высокая,отсутствуют,высокий
804,коричневый,средний,параллепипед,средняя,отсутствуют,средний
805,жёлтый,низкий,параллепипед,средняя,достаточно,низкий
806,красный,высокий,шар,высокая,отсутствуют,высокий
807,коричневый,высокий,куб,средняя,много,низкий
808,красный,высокий,шар,высокая,отсутствуют,высокий
809,синий,высокий,эллипсоид,низкая,достаточно,средний
810,коричневый,высокий,эллипсоид,высокая,отсутствуют,высокий
811,коричневый,низкий,шар,высокая,много,низкий
812,белый,высокий,эллипсоид,средняя,мало,высокий
813,зелёный,низкий,параллепипед,средняя,мало,средний
814,коричневый,средний,параллепипед,высокая,много,средний
815,зелёный,низкий,шар,низкая,мало,низкий
816,белый,средний,куб,низкая,достаточно,средний
817,красный,низкий,шар,средняя,мало,средний
818,белый,средний,параллепипед,высокая,достаточно,средний
819,чёрный,высокий,параллепипед,средняя,много,средний
820,коричневый,низкий,куб,низкая,достаточно,низкий
821,чёрный,средний,куб,низкая,много,средний
822,зелёный,средний,шар,низкая,мало,средний
823,жёлтый,высокий,шар,средняя,много,низкий
824,жёлтый,высокий,куб,средняя,достаточно,средний
825,зелёный,высокий,куб,высокая,достаточно,средний
826,синий,низкий,параллепипед,средняя,много,низкий
827,красный,высокий,шар,низкая,много,средний
828,оранжевый,низкий,шар,высокая,мало,средний
829,красный,низкий,эллипсоид,средняя,мало,средний
830,жёлтый,низкий,шар,высокая,отсутствуют,средний
831,чёрный,низкий,эллипсоид,средняя,мало,средний
832,коричневый,средний,куб,высокая,отсутствуют,низкий
833,зелёный,высокий,шар,высокая,отсутствуют,высокий
834,жёлтый,высокий,эллипсоид,средняя,достаточно,средний
835,жёлтый,средний,шар,средняя,мало,средний
836,красный,низкий,эллипсоид,средняя,достаточно,низкий
837,чёрный,низкий,шар,средняя,много,низкий
838,синий,средний,куб,высокая,достаточно,низкий
839,красный,средний,шар,низкая,достаточно,средний
840,зелёный,низкий,куб,средняя,много,низкий
841,зелёный,высокий,параллепипед,высокая,мало,высокий
842,коричневый,высокий,параллепипед,низкая,отсутствуют,средний
843,зелёный,низкий,параллепипед,высокая,много,средний
844,коричневый,низкий,эллипсоид,низкая,много,низкий
845,оранжевый,низкий,куб,высокая,мало,низкий
846,оранжевый,высокий,эллипсоид,средняя,достаточно,низкий
847,белый,высокий,куб,низкая,много,средний
848,красный,средний,параллепипед,средняя,много,средний
849,жёлтый,средний,куб,средняя,достаточно,низкий
850,белый,высокий,куб,низкая,достаточно,средний
851,синий,низкий,куб,средняя,много,низкий
852,чёрный,низкий,эллипсоид,средняя,достаточно,средний
853,коричневый,высокий,куб,низкая,много,низкий
854,зелёный,низкий,эллипсоид,низкая,достаточно,низкий
855,зелёный,высокий,куб,низкая,много,средний
856,коричневый,низкий,куб,высокая,достаточно,низкий
857,красный,высокий,параллепипед,низкая,достаточно,средний
858,оранжевый,средний,шар,низкая,много,низкий
859,чёрный,низкий,эллипсоид,средняя,мало,средний
860,красный,низкий,эллипсоид,средняя,много,низкий
861,оранжевый,высокий,шар,средняя,достаточно,низкий
862,коричневый,низкий,эллипсоид,средняя,много,низкий
863,чёрный,высокий,эллипсоид,низкая,отсутствуют,высокий
864,коричневый,высокий,эллипсоид,высокая,отсутствуют,высокий
865,чёрный,низкий,куб,высокая,отсутствуют,средний
866,синий,высокий,шар,средняя,отсутствуют,высокий
867,белый,низкий,эллипсоид,низкая,много,низкий
868,синий,низкий,параллепипед,средняя,много,низкий
869,жёлтый,низкий,куб,высокая,отсутствуют,средний
870,коричневый,средний,куб,высокая,много,низкий
871,синий,низкий,куб,низкая,мало,низкий
872,зелёный,низкий,эллипсоид,средняя,мало,средний
873,коричневый,низкий,куб,низкая,мало,низкий
874,оранжевый,высокий,куб,средняя,мало,средний
875,коричневый,высокий,эллипсоид,низкая,отсутствуют,средний
876,коричневый,низкий,шар,низкая,достаточно,низкий
877,оранжевый,высокий,эллипсоид,высокая,достаточно,средний
878,чёрный,средний,шар,высокая,много,средний
879,белый,низкий,эллипсоид,высокая,достаточно,средний
880,коричневый,высокий,шар,средняя,мало,низкий
881,жёлтый,высокий,параллепипед,высокая,отсутствуют,высокий
882,оранжевый,средний,куб,средняя,много,низкий
883,белый,средний,куб,высокая,много,средний
884,жёлтый,высокий,куб,средняя,отсутствуют,средний
885,зелёный,высокий,шар,высокая,отсутствуют,высокий
886,белый,высокий,параллепипед,низкая,отсутствуют,высокий
887,синий,средний,куб,низкая,мало,средний
888,жёлтый,низкий,куб,средняя,мало,низкий
889,белый,высокий,эллипсоид,средняя,много,средний
890,коричневый,низкий,параллепипед,низкая,мало,низкий
891,жёлтый,высокий,шар,средняя,много,низкий
892,зелёный,низкий,шар,низкая,отсутствуют,средний
893,коричневый,высокий,параллепипед,высокая,достаточно,средний
894,жёлтый,высокий,шар,низкая,достаточно,средний
895,белый,низкий,куб,низкая,достаточно,низкий
896,коричневый,средний,эллипсоид,высокая,достаточно,средний
897,чёрный,низкий,параллепипед,высокая,много,средний
898,коричневый,высокий,шар,средняя,достаточно,низкий
899,красный,средний,эллипсоид,низкая,много,средний
900,красный,высокий,параллепипед,высокая,отсутствуют,высокий
901,зелёный,низкий,куб,высокая,отсутствуют,средний
902,синий,высокий,параллепипед,низкая,мало,средний
903,красный,высокий,куб,средняя,достаточно,средний
904,красный,высокий,шар,низкая,мало,средний
905,коричневый,низкий,куб,низкая,достаточно,низкий
906,жёлтый,высокий,шар,средняя,много,низкий
907,чёрный,низкий,шар,низкая,достаточно,низкий
908,зелёный,высокий,куб,низкая,отсутствуют,высокий
909,чёрный,высокий,эллипсоид,средняя,много,средний
910,белый,высокий,шар,средняя,много,средний
911,красный,высокий,шар,низкая,достаточно,средний
912,белый,средний,куб,низкая,много,средний
913,красный,низкий,шар,низкая,отсутствуют,средний
914,белый,средний,параллепипед,высокая,отсутствуют,высокий
915,коричневый,низкий,параллепипед,низкая,достаточно,низкий
916,оранжевый,средний,шар,низкая,достаточно,низкий
917,зелёный,средний,эллипсоид,высокая,много,средний
918,зелёный,низкий,эллипсоид,низкая,мало,низкий
919,синий,низкий,эллипсоид,средняя,много,низкий
920,красный,средний,эллипсоид,средняя,много,средний
921,оранжевый,высокий,параллепипед,низкая,мало,средний
922,оранжевый,низкий,шар,средняя,мало,низкий
923,коричневый,средний,эллипсоид,высокая,достаточно,средний
924,жёлтый,средний,эллипсоид,средняя,достаточно,низкий
925,чёрный,средний,эллипсоид,высокая,много,средний
926,белый,низкий,шар,высокая,мало,средний
927,коричневый,высокий,эллипсоид,высокая,отсутствуют,высокий
928,зелёный,средний,куб,низкая,мало,средний
929,белый,высокий,параллепипед,высокая,достаточно,высокий
930,коричневый,высокий,параллепипед,высокая,мало,средний
931,коричневый,средний,эллипсоид,низкая,мало,низкий
932,чёрный,низкий,куб,низкая,много,низкий
933,белый,низкий,шар,высокая,много,средний
934,жёлтый,средний,шар,средняя,отсутствуют,средний
935,белый,средний,шар,низкая,мало,средний
936,синий,средний,параллепипед,высокая,мало,высокий
937,зелёный,средний,куб,средняя,отсутствуют,высокий
938,жёлтый,высокий,куб,высокая,много,низкий
939,коричневый,низкий,куб,низкая,достаточно,низкий
940,синий,низкий,эллипсоид,высокая,достаточно,средний
941,зелёный,средний,шар,средняя,много,низкий
942,жёлтый,средний,параллепипед,высокая,отсутствуют,высокий
943,синий,низкий,эллипсоид,средняя,отсутствуют,средний
944,синий,средний,эллипсоид,средняя,много,низкий
945,красный,высокий,куб,высокая,достаточно,средний
946,красный,высокий,шар,низкая,мало,средний
947,чёрный,средний,параллепипед,низкая,достаточно,средний
948,синий,средний,шар,средняя,достаточно,средний
949,красный,низкий,эллипсоид,низкая,достаточно,низкий
950,синий,средний,эллипсоид,низкая,отсутствуют,средний
951,жёлтый,средний,куб,высокая,достаточно,низкий
952,красный,высокий,параллепипед,высокая,отсутствуют,высокий
953,жёлтый,высокий,куб,высокая,отсутствуют,средний
954,красный,низкий,параллепипед,низкая,много,низкий
955,чёрный,средний,параллепипед,средняя,отсутствуют,высокий
956,оранжевый,высокий,эллипсоид,низкая,мало,средний
957,жёлтый,низкий,шар,низкая,достаточно,низкий
958,коричневый,низкий,шар,низкая,много,низкий
959,зелёный,низкий,параллепипед,низкая,отсутствуют,средний
960,синий,высокий,эллипсоид,низкая,мало,средний
961,оранжевый,средний,куб,средняя,достаточно,низкий
962,белый,средний,параллепипед,низкая,отсутствуют,высокий
963,синий,высокий,параллепипед,низкая,мало,средний
964,коричневый,средний,параллепипед,высокая,достаточно,средний
965,красный,высокий,куб,средняя,достаточно,средний
966,коричневый,низкий,параллепипед,высокая,много,средний
967,жёлтый,высокий,параллепипед,средняя,отсутствуют,высокий
968,жёлтый,высокий,параллепипед,низкая,отсутствуют,средний
969,зелёный,высокий,куб,высокая,много,средний
970,коричневый,средний,куб,средняя,отсутствуют,низкий
971,белый,высокий,параллепипед,высокая,достаточно,высокий
972,жёлтый,средний,эллипсоид,средняя,отсутствуют,средний
973,чёрный,низкий,эллипсоид,низкая,мало,средний
974,зелёный,низкий,эллипсоид,высокая,достаточно,средний
975,коричневый,средний,параллепипед,средняя,отсутствуют,средний
976,белый,низкий,параллепипед,низкая,много,низкий
977,чёрный,низкий,параллепипед,низкая,мало,средний
978,красный,низкий,эллипсоид,низкая,много,низкий
979,оранжевый,высокий,куб,высокая,достаточно,низкий
980,синий,низкий,параллепипед,средняя,достаточно,низкий
981,оранжевый,средний,куб,высокая,отсутствуют,средний
982,жёлтый,низкий,куб,средняя,мало,низкий
983,жёлтый,высокий,шар,средняя,много,низкий
984,оранжевый,средний,параллепипед,средняя,достаточно,низкий
985,оранжевый,высокий,шар,высокая,мало,средний
986,белый,средний,шар,высокая,мало,высокий
987,белый,низкий,эллипсоид,низкая,достаточно,низкий
988,коричневый,средний,параллепипед,высокая,достаточно,средний
989,зелёный,средний,эллипсоид,средняя,мало,средний
990,зелёный,средний,куб,средняя,отсутствуют,высокий
991,синий,низкий,шар,низкая,много,низкий
992,чёрный,высокий,куб,высокая,отсутствуют,высокий
993,белый,низкий,эллипсоид,средняя,отсутствуют,высокий
994,оранжевый,низкий,параллепипед,низкая,отсутствуют,низкий
995,оранжевый,низкий,параллепипед,высокая,много,средний
996,коричневый,высокий,эллипсоид,высокая,отсутствуют,высокий
997,оранжевый,средний,эллипсоид,средняя,достаточно,низкий
998,коричневый,низкий,параллепипед,высокая,достаточно,средний
999,красный,средний,куб,высокая,много,средний
